{"cameraMode":{"drawMode":0,"name":"Shaded","section":"Shading Mode"},"sceneLighting":true,"audioPlay":false,"sceneViewState":{"showFog":true,"showMaterialUpdate":false,"showSkybox":true,"showFlares":true,"showImageEffects":true,"showParticleSystems":true},"in2DMode":false,"pivot":{"x":0.3352928161621094,"y":-1.3286051750183106,"z":1.3629286289215088},"rotation":{"x":-0.18212459981441499,"y":0.7966528534889221,"z":-0.2919839024543762,"w":-0.4969114661216736},"size":5.501232624053955,"orthographic":false}